nombre;precio normal;precio oferta;marca;peso (kg);memoria interna;memoria ram;procesador;tipo procesador;camara frontal;camara posterior rango;camara posterior;capacidad de bateria;resolución de la pantalla;tamaño de pantalla rango;tamaño de la pantalla;sistema operativo rango;sistema operativo;compañia;resistente al agua;tipo de conector;conectividad;entrada de audio;bluetooth;tipo de pantalla;sim;cantidad de cámaras;lector de huella digital;zoom digital (x);usb;nfc;zona wi-fi;localizacion;chip de compañia incluido;flash;contrato;enfoque automatico;radio;formatos video;reproduce formato(s) de audio;velocidad cpu;bateria;garantia;tipo de producto;modelo;alto (cm);ancho (cm);largo (cm)
"CELULAR SAMSUNG GALAXY A04E 6.5"" 3GB 64GB 13MP + 2MP NEGRO";S/ 489;S/ 469;SAMSUNG;0.188;64GB;3GB;Octa Core;Octa Core;5MP;Más de 10MP;13MP + 2MP;5000 mAh;;"Entre 5.5 a 6.9 """;6.5;Android > a 5.0;Android 12;Desbloqueado;No;USB-C;4G / Wi-Fi / Bluetooth;No;Sí;LCD;Single Chip;;No;Si;Sí;No;Sí;Sí;No;Sí;Desbloqueado;Sí;No;MP4,M4V,3GP,3G2,AVI,FLV,MKV,WEBM;MP3,M4A,3GA,AAC,OGG,OGA,WAV, AMR,AWB,FLAC,MID,MIDI,XMF,MXMF,IMY,RTTTL,RTX,OTA;2.3GHz, 1.8GHz;5000 mAh;1 año;Celulares y Smartphones;A04E;16.64;7.63;0.91
"CELULAR SAMSUNG GALAXY A13 6.5"" 64GB 4GB 8MP + 50MP + 5MP + 2MP + 2MP";S/ 649;S/ 599;SAMSUNG;;64GB;4GB;;;8MP;Más de 10MP;50 + 5 + 2 + 2 MP;5000 mAh;;"Entre 5.5 a 6.9 """;;Android > a 5.0;;Desbloqueado;No;;Wifi, BT, GPS, NFC, USB;;Sí;TFT;;;Sí;;Sí;Sí;Sí;Sí;No;Sí;Desbloqueado;No;No;Sí;Sí;2.0GHz, 2.0GHz;5000 mAh;1 año;Celulares y smartphones;A13;16.45;7.65;0.88
"CELULAR SAMSUNG GALAXY S23 6.1"" 8GB 256GB 50MP + 10MP + 12MP SM-S911BZGMLTP VERDE";S/ 3,999;S/ 3,799;SAMSUNG;168;256GB;8GB;Qualcomm | SM8550;Octa-Core;12 MP;Más de 10MP;50 MP + 10 MP + 12 MP;3900 mAh;;"Entre 5.5 a 6.9 """;"6.1""";Android > a 5.0;Android 13;Desbloqueado;IP68;USB-C;5G/4G / Wi-Fi / USB / Bluetooth / NFC;No;Sí;Dynamic AMOLED 2X;Single Chip;;Sí;SI;Sí;Sí;Sí;Sí;No;Sí;Desbloqueado;No;No;MP4,M4V,3GP,3G2,WMV,ASF,AVI,FLV,MKV,WEBM;MP3,M4A,3GA,AAC,OGG,OGA,WAV,WMA,AMR,AWB,FLAC,MID,MIDI,XMF,MXMF,IMY,RTTTL,RTX,OTA,DFF,DSF,APE;3.36GHz,2.8GHz,2GHz;3900 mAh;1 año;Celulares y Smartphones;SM-S911B;146.3;70.9;7.6
"CELULAR SAMSUNG GALAXY S23 PLUS 6.6"" 8GB 512GB 50MP + 10MP + 12MP SM-S916BZKMLTP NEGRO";S/ 4,799;S/ 4,599;SAMSUNG;195;512GB;8GB;Qualcomm | SM8550;Octa-Core;12 MP;Más de 10MP;50 MP + 10 MP + 12 MP;4700 mAh;;"Entre 5.5 a 6.9 """;"6.6""";Android > a 5.0;Android 13;Desbloqueado;IP68;USB-C;5G/4G / Wi-Fi / USB / Bluetooth / NFC;No;Sí;Dynamic AMOLED 2X;Single Chip;;Sí;SI;Sí;Sí;Sí;Sí;No;Sí;Desbloqueado;No;No;MP4,M4V,3GP,3G2,WMV,ASF,AVI,FLV,MKV,WEBM;MP3,M4A,3GA,AAC,OGG,OGA,WAV,WMA,AMR,AWB,FLAC,MID,MIDI,XMF,MXMF,IMY,RTTTL,RTX,OTA,DFF,DSF,APE;3.36GHz,2.8GHz,2GHz;4700 mAh;1 año;Celulares y Smartphones;SM-S916B;157.8;76.2;7.6
"CELULAR SAMSUNG GALAXY A04 6.5"" 4GB 64GB 50MP + 2MP NEGRO";S/ 569;S/ 549;SAMSUNG;0.192;64GB;4GB;Octa Core;Octa Core;5MP;Más de 10MP;50MP + 2MP;5000 mAh;;"Entre 5.5 a 6.9 """;"6.5""";Android > a 5.0;Android 12;Desbloqueado;No;USB-C;4G / Wi-Fi / USB / Bluetooth / NFC;No;Sí;LCD;Single Chip;;No;Sí;Sí;Sí;Sí;Sí;;Sí;;Sí;No;MP4,M4V,3GP,3G2,AVI,FLV,MKV,WEBM;MP3,M4A,3GA,AAC,OGG,OGA,WAV, AMR,AWB,FLAC,MID,MIDI,XMF,MXMF,IMY,RTTTL,RTX,OTA;2.3GHz, 1.8GHz;5000 mAh;1 año;Celulares y Smartphones;SM-A045F;16.64;7.63;0.91
"CELULAR SAMSUNG GALAXY A23 6.6"" 4GB 50MP + 5MP + 2MP + 2MP NEGRO";S/ 849;S/ 769;SAMSUNG;;128GB;4GB;;;8MP;Más de 10MP;;5000 mAh;;"Entre 5.5 a 6.9 """;6.6'';Android > a 5.0;;Desbloqueado;No;;Wifi, BT, GPS, USB;;Sí;TFT;;;Sí;;Sí;No;Sí;Sí;No;Sí;Desbloqueado;No;No;Sí;Sí;2.4GHz, 1.9GHz;5000 mAh;1 año;Celulares y smartphones;Galaxy A23;16.45;7.69;0.84
"IPHONE 11 6.1"" 64GB 12MP + 12MP NEGRO";S/ 2,199;S/ 2,099;APPLE;194 g;64GB;;;;12MP;Más de 10MP;12MP;;;Entre 4.5 a 4.9'';6.1;iOS;;Desbloqueado;;;4G;;;;Single Chip;;;;No;;;;;Sí;;Sí;;;;;;1 año;Celulares y smartphones;iPhone 11;0,83;7,57;15,09
XIAOMI REDMI 9A 6.53'' 32GB 13MP;S/ 489;S/ 469;XIAOMI;198;32GB;2GB;;MediaTek Helio G25;5MP;Más de 10MP;13MP;;;Entre 4.5 a 4.9'';6.53;Android > a 5.0;;Desbloqueado;;;4G;;;LED;Doble Chip;;;;No;;;;;No;Desbloqueado;No;;;;2.0 MHz;5000 mAh;1 año;Celulares y smartphones;Redmi 9A;16;7.7;0.9
"CELULAR MOTOROLA G31 6.4"" 4GB 50MP + 8MP + 2MP AZUL";S/ 699;S/ 669;MOTOROLA;0.181;128GB;4GB;Mediatek;Helio G85;13MP;Más de 10MP;50 MP + 8 MP + 2 MP;5000 mAh;;"Entre 5.5 a 6.9 """;"6.4""";Android > a 5.0;Android 11;Desbloqueado;No;USB-C;4G / Wi-Fi / Bluetooth;No;Sí;;Single Chip;;Sí;Sí;Sí;Sí;Sí;Sí;;Sí;;Sí;No;HD+;MP3/eAAC+/WAV/FLAC;2.4 GHz;5000 mAh;;Celulares y Smartphones;G31;16.18;0.85;7.38
"CELULAR POCO M5S 6.43"" 6GB 128GB 64MP+8MP+2MP+2MP GRIS";S/ 1,099;S/ 949;XIAOMI;0.178;128GB;6GB;Media Tek;Helio G95;13MP;Más de 10MP;64MP+8MP+2MP+2MP;5000mAh;;"Entre 5.5 a 6.9 """;"6.43""";Android > a 5.0;Android 12;Desbloqueado;No;USB-C;4G LTE / Wi-Fi / Bluetooth;Sí;Sí;AMOLED;Doble Chip;;Sí;Sí;No;Sí;Sí;Sí;No;Sí;Desbloqueado;Sí;No;MP4 I M4V I MKV I AVI I WMV I WEBM I 3GP I 3G2;MP3; 2,05 GHz;5000 mAh;1 año ;Celulares y Smartphones;Poco M5S;16.04;0.829;7.45
"CELULAR SAMSUNG GALAXY S23 ULTRA 6.8"" 12GB 512GB 200MP + 10MP + 12MP + 10MP SM-S918BZKVLTP NEGRO";S/ 5,599;S/ 5,399;SAMSUNG;233;512GB;12GB;Qualcomm | SM8550;Octa-Core;12 MP;Más de 10MP;200 MP + 10 MP + 12 MP + 10 MP;5000 mAh;;"Entre 5.5 a 6.9 """;"6.8""";Android > a 5.0;Android 13;Desbloqueado;IP68;USB-C;5G/4G / Wi-Fi / USB / Bluetooth / NFC;No;Sí;Dynamic AMOLED 2X;Single Chip;;Sí;SI;Sí;Sí;Sí;Sí;No;Sí;Desbloqueado;No;No;MP4,M4V,3GP,3G2,WMV,ASF,AVI,FLV,MKV,WEBM;MP3,M4A,3GA,AAC,OGG,OGA,WAV,WMA,AMR,AWB,FLAC,MID,MIDI,XMF,MXMF,IMY,RTTTL,RTX,OTA,DFF,DSF,APE;3.36GHz,2.8GHz,2GHz;5000 mAh;1 año;Celulares y Smartphones;SM-S918B;163.4;78.1;8.9
"CELULAR MOTOROLA MOTO E22I 6.5"" 2GB 64GB 16MP + 2MP GRIS";S/ 479;S/ 449;MOTOROLA;7.60E-02;64GB;2GB;Octa Core;MTK G37;5MP;Más de 10MP;16MP + 2MP;4020 mAh;;"Entre 5.5 a 6.9 """;6.5;Android > a 5.0;Android 12;Desbloqueado;No;USB-C;4G / Wi-Fi / Bluetooth;Sí;Sí;LCD IPS;Single Chip;;Sí;;No;No;;Sí;;Sí;;Sí;Sí;;MP3|MIDI|AMR;Cortex A53*4: 2.3Ghz / Cortex A53*4: 1.8Ghz;;1 año;Celulares y Smartphones;BoraG - E12;17.2;9;5
CELULAR SAMSUNG GALAXY S20 FE 6.5'' 6GB 128GB 12MP + 12MP + 8MP AZUL;S/ 1,899;S/ 1,799;SAMSUNG;190 g;128GB;6GB;;Qualcomm | SM8250;32MP;Más de 10MP;12MP + 12MP + 8MP;4500 mAh;;"Entre 5.5 a 6.9 """;"6.5""";Android > a 5.0;Android 12;Desbloqueado;Sí;USB-C;4G / Wi-Fi / USB / Bluetooth / NFC;No;Sí;Dynamic AMOLED 2X;Single Chip;;Sí;Sí;Sí;Sí;Sí;Sí;No;Sí;Desbloqueado;No;No;MP4,M4V,3GP,3G2,WMV,ASF,AVI,FLV,MKV,WEBM;MP3,M4A,3GA,AAC,OGG,OGA,WAV,WMA,AMR,AWB,FLAC,MID,MIDI,XMF,MXMF,IMY,RTTTL,RTX,OTA,DFF,DSF,APE;2.8GHz,2.4GHz,1.8GHz;4500 mAh;1 año;Celulares y smartphones;SM-G781B;15.98;7.45;0.84
"IPHONE 11 6.1"" 128GB 12MP + 12MP - BLANCO";S/ 2,499;S/ 2,399;APPLE;194 g;128GB;;;;12MP;Más de 10MP;12MP;;;"Entre 5.5 a 6.9 """;6.1;iOS;;Desbloqueado;;;4G;;;;Single Chip;;;;No;;;;;Sí;;Sí;;;;;;1 año;Celulares y smartphones;iPhone 11;15.09;7.57;0.83
"CELULAR MOTOROLA MOTO E22I 6.5"" 2GB 64GB 16MP + 2MP BLANCO";S/ 479;S/ 449;MOTOROLA;7.60E-02;64GB;2GB;Octa Core;MTK G37;5MP;Más de 10MP;16MP + 2MP;4020 mAh;;"Entre 5.5 a 6.9 """;6.5;Android > a 5.0;Android 12;Desbloqueado;No;USB-C;4G / Wi-Fi / Bluetooth;Sí;Sí;LCD IPS;Single Chip;;Sí;;No;No;;Sí;;Sí;;Sí;Sí;;MP3|MIDI|AMR;Cortex A53*4: 2.3Ghz / Cortex A53*4: 1.8Ghz;;1 año;Celulares y Smartphones;BoraG - E12;17.2;9;5
"IPHONE 13 PRO 6.1"" 128GB 12MP + 12MP GRAFITO";S/ 4,799;S/ 4,699;APPLE;;128GB;;;;12MP;Más de 10MP;12MP;;;"Entre 5.5 a 6.9 """;;iOS;;Desbloqueado;;;5G;;;;Single Chip;;;;No;;;;;Sí;;Sí;;;;;;1 año;Celulares y smartphones;iPhone 13 Pro;0,74;7,15;14,67
CELULAR XIAOMI REDMI NOTE 11 128GB DOBLE CHIP 50MP+8MP+2MP+2MP - TWILIGHT BLUE;S/ 979;S/ 949;XIAOMI;179;128GB;4GB;;Qualcomm Snapdragon 6225;13MP;Más de 10 MP;50MP + 8MP + 2MP + 2MP;;;Entre 4.5 a 4.9'';6.43;Android > a 5.0;;Desbloqueado;;;4G;;;Full HD;Doble Chip;;;;;;;;;Sí;Desbloqueado;;Sí;;;Octacore 2.4 Ghz;5000mAH;1 año;Celulares y smartphones;Redmi note 11;15.97;7.37;0.81
"APPLE IPHONE 14 6.1"" 256GB 12MP + 12MP MORADO";S/ 4,999;S/ 4,899;APPLE;0.172kg;256GB;No aplica;A15 Bionic;Apple Chip A15 Bionic;12MP;Más de 10MP;12 MP + 12 MP;-;;"Entre 5.5 a 6.9 """;"6.1""";iOS > 10;iOS 16;Desbloqueado;IP68;USB-C;;Sí;Sí;Super Retina XDR;Doble Chip;;No;;No;;;;;Sí;;Sí;No;Grabación de vídeo en formato HEVC y H.264;Formatos compatibles: AAC, MP3, Apple Lossless, FLAC, Dolby Digital, Dolby Digital Plus y Dolby Atmos (entre otros);CPU de 6 núcleos (2 de rendimiento y 4 de eficiencia);;1 año;Celulares y Smartphones;MPWA3BE/A;14.67cm;7.15cm;0.78cm
"CELULAR SAMSUNG GALAXY S22 ULTRA 6.8"" 8GB 128GB 108MP + 10MP + 12MP + 10MP NEGRO";S/ 4,399;S/ 4,199;SAMSUNG;228;128GB;8GB;;Qualcomm | SM8450;40MP;Más de 10MP;108MP + 10MP + 12MP + 10MP;;;Entre 4.5 a 4.9'';6.8;Android > a 5.0;;Desbloqueado;;;5G;;;Dynamic AMOLED 2X;Single Chip;;;;Sí;;;;;Sí;Desbloqueado;Sí;No;Sí;Sí;2.99GHz, 2.4GHz, 1.7GHz;5000 mAh;1 año;Celulares y smartphones;S22 Ultra;16.33;7.79;0.89
CELULAR SAMSUNG GALAXY A33 5G 6.4'' 4GB 128GB 48MP + 8MP + 5MP + 2MP NEGRO;S/ 1,199;S/ 1,099;SAMSUNG;190 g;128GB;4GB;;SEC | S5E8825(Exynos 1280);13MP;Más de 10MP;48MP + 8MP + 5MP + 2MP;5000 mAh;;"Entre 5.5 a 6.9 """;"6.4""";Android > a 5.0;Android 12;Desbloqueado;Sí;USB-C;4G / Wi-Fi / USB / Bluetooth / NFC;No;Sí;Súper AMOLED;Single Chip;;Sí;SI;Sí;Sí;Sí;Sí;No;Sí;Desbloqueado;No;No;MP4,M4V,3GP,3G2,WMV,ASF,AVI,FLV,MKV,WEBM;MP3,M4A,3GA,AAC,OGG,OGA,WAV,WMA,AMR,AWB,FLAC,MID,MIDI,XMF,MXMF,IMY,RTTTL,RTX,OTA,DFF,DSF,APE;2.4GHz,2GHz;5000 mAh;1 año;Celulares y smartphones;SM-A336M;15.97;7.4;0.81
"CELULAR SAMSUNG GALAXY A53 6.5"" 128GB 6GB 32MP + 64MP + 12MP + 5MP + 5MP";S/ 1,689;S/ 1,599;SAMSUNG;;128GB;6GB;;;32MP;Más de 10MP;64 + 12 + 5 + 5MP;5000 mAh;;"Entre 5.5 a 6.9 """;;Android > a 5.0;;Desbloqueado;IP67;;Wifi, BT, GPS, NFC, USB;;Sí;Súper AMOLED;;;Sí;;Sí;Sí;Sí;Sí;No;Sí;Desbloqueado;No;No;Sí;Sí;2.4GHz, 2.0GHz;5000 mAh;1 año;Celulares y smartphones;A53;15.96;7.48;0.81
"CELULAR SAMSUNG GALAXY S22 ULTRA 6.8"" 8GB 128GB 108MP + 10MP + 12MP + 10MP ROJO";S/ 4,399;S/ 4,199;SAMSUNG;228;128GB;8GB;;Qualcomm | SM8450;40MP;Más de 10MP;108MP + 10MP + 12MP + 10MP;;;Entre 4.5 a 4.9'';6.8;Android > a 5.0;Android 12;Desbloqueado;;;5G;;;Dynamic AMOLED 2X;Single Chip;;;;Sí;;;;;Sí;Desbloqueado;Sí;No;Sí;Sí;2.99GHz, 2.4GHz, 1.7GHz;5000 mAh;1 año;Celulares y smartphones;S22 Ultra;16.33;7.79;0.89
"CELULAR MOTOROLA G31 6.4"" 4GB 50MP + 8MP + 2MP GRIS";S/ 699;S/ 669;MOTOROLA;0.181;128GB;4GB;Mediatek;Helio G85;13MP;Más de 10MP;50 MP + 8 MP + 2 MP ;5000 mAh;;"Entre 5.5 a 6.9 """;"6.4""";Android > a 5.0;Android 11;Desbloqueado;No;USB-C;4G / Wi-Fi / Bluetooth;No;Sí;;Single Chip;;Sí;Sí;Sí;Sí;Sí;Sí;;Sí;;Sí;No;HD+;MP3/eAAC+/WAV/FLAC;2.4 GHz;5000 mAh;;Celulares y Smartphones;G31;16.18;0.85;7.38
CELULAR HUAWEI NOVA 9 SE 6GB 128GB 108+8+2+2 - MIDNIGHT BLACK; ; ;HUAWEI;;128GB;6GB;;Qualcomm Snapdragon 680 6nm;16MP;Más de 10MP;108MP + 8MP + 2MP + 2MP;;;;6.78;EMUI > a 10;;;;;WLAN/Bluetooth 5.0/USB tipo C/NFC;;;TFT IPS LCD;;;;;Sí;;;;No;Sí;;Sí;No;;No;No;4000 mAh;1 año;Celulares y smartphones;JuliaQN-L23A;16.46;7.55;0.79
"CELULAR SAMSUNG GALAXY S20 FE 5G 6.5"" 6GB 128GB 32MP + 12MP + 12MP + 8MP VIOLETA";S/ 1,899;S/ 1,799;SAMSUNG;190g;128GB;6GB;Octa Core;Qualcomm | SM8250;32MP;Más de 10MP;12MP + 12MP + 8MP;;;"Entre 5.5 a 6.9 """;6.5;Android > a 5.0;Android 12;Desbloqueado;IP68;USB-C;;No;Sí;;Single Chip;;Sí;;Sí;;;;;Sí;;No;No;;MP3,M4A,3GA,AAC,OGG,OGA,WAV,WMA,AMR,AWB,FLAC,MID,MIDI,XMF,MXMF,IMY,RTTTL,RTX,OTA,DFF,DSF,APE;2.8GHz,2.4GHz,1.8GHz;4500 mAh;1 Año;Celulares y Smartphones;SM-G781B;159.8mm;74.5mm;8.4mm
"CELULAR SAMSUNG GALAXY S23 6.1"" 8GB 256GB 50MP + 10MP + 12MP SM-S911BLIMLTP LAVANDA";S/ 3,999;S/ 3,799;SAMSUNG;168;256GB;8GB;Qualcomm | SM8550;Octa-Core;12 MP;Más de 10MP;50 MP + 10 MP + 12 MP;3900 mAh;;"Entre 5.5 a 6.9 """;"6.1""";Android > a 5.0;Android 13;Desbloqueado;IP68;USB-C;5G/4G / Wi-Fi / USB / Bluetooth / NFC;No;Sí;Dynamic AMOLED 2X;Single Chip;;Sí;SI;Sí;Sí;Sí;Sí;No;Sí;Desbloqueado;No;No;MP4,M4V,3GP,3G2,WMV,ASF,AVI,FLV,MKV,WEBM;MP3,M4A,3GA,AAC,OGG,OGA,WAV,WMA,AMR,AWB,FLAC,MID,MIDI,XMF,MXMF,IMY,RTTTL,RTX,OTA,DFF,DSF,APE;3.36GHz,2.8GHz,2GHz;3900 mAh;1 año;Celulares y Smartphones;SM-S911B;146.3;70.9;7.6
"CELULAR SAMSUNG GALAXY S23 PLUS 6.6"" 8GB 512GB 50MP + 10MP + 12MP SM-S916BZEMLTP CREMA";S/ 4,799;S/ 4,599;SAMSUNG;195;512GB;8GB;Qualcomm | SM8550;Octa-Core;12 MP;Más de 10MP;50 MP + 10 MP + 12 MP;4700 mAh;;"Entre 5.5 a 6.9 """;"6.6""";Android > a 5.0;Android 13;Desbloqueado;IP68;USB-C;5G/4G / Wi-Fi / USB / Bluetooth / NFC;No;Sí;Dynamic AMOLED 2X;Single Chip;;Sí;SI;Sí;Sí;Sí;Sí;No;Sí;Desbloqueado;No;No;MP4,M4V,3GP,3G2,WMV,ASF,AVI,FLV,MKV,WEBM;MP3,M4A,3GA,AAC,OGG,OGA,WAV,WMA,AMR,AWB,FLAC,MID,MIDI,XMF,MXMF,IMY,RTTTL,RTX,OTA,DFF,DSF,APE;3.36GHz,2.8GHz,2GHz;4700 mAh;1 año;Celulares y Smartphones;SM-S916B;157.8;76.2;7.6
CELULAR SAMSUNG GALAXY A03 CORE 6.5'' 2GB 32GB 8MP NEGRO; ; ;SAMSUNG;0.22;32GB;2GB;UNISOC OCTA CORE;UNISOC | SC9863A;5MP;Más de 10MP;8MP;5000 mAh;;"Entre 5.5 a 6.9 """;"6.5""";Android > a 5.0;Android 12;Desbloqueado;No;Micro USB;4G / Wi-Fi / Bluetooth / USB;Sí;Sí;LCD TFT;Single Chip;;No;;Sí;No;Sí;Sí;No;Sí;Desbloqueado;No;Sí;MP4,M4V,3GP,3G2,FLV,MKV,WEBM;MP3,M4A,3GA,AAC,OGG,WAV,AMR,AWB,FLAC,MID,XMF,MXMF,IMY,RTTTL,RTX,OTA;1.6GHz,1.2GHz;5000 mAh;1 año;Celulares y Smartphones;SM-A032M;16.42;7.59;0.91
"CELULAR SAMSUNG GALAXY S23 PLUS 6.6"" 8GB 512GB 50MP + 10MP + 12MP SM-S916BLIMLTP LAVANDA";S/ 4,799;S/ 4,599;SAMSUNG;195;512GB;8GB;Qualcomm | SM8550;Octa-Core;12 MP;Más de 10MP;50 MP + 10 MP + 12 MP;4700 mAh;;"Entre 5.5 a 6.9 """;"6.6""";Android > a 5.0;Android 13;Desbloqueado;IP68;USB-C;5G/4G / Wi-Fi / USB / Bluetooth / NFC;No;Sí;Dynamic AMOLED 2X;Single Chip;;Sí;SI;Sí;Sí;Sí;Sí;No;Sí;Desbloqueado;No;No;MP4,M4V,3GP,3G2,WMV,ASF,AVI,FLV,MKV,WEBM;MP3,M4A,3GA,AAC,OGG,OGA,WAV,WMA,AMR,AWB,FLAC,MID,MIDI,XMF,MXMF,IMY,RTTTL,RTX,OTA,DFF,DSF,APE;3.36GHz,2.8GHz,2GHz;4700 mAh;1 año;Celulares y Smartphones;SM-S916B;157.8;76.2;7.6
"APPLE IPHONE 14 PRO 6.1"" 128GB 48MP + 12MP + 12MP NEGRO ESPACIAL";S/ 5,899;S/ 5,799;APPLE;0.206kg;128GB;No aplica;A16 Bionic;Apple Chip A16 Bionic;12MP;Más de 10MP;48 MP + 12 MP ;-;;"Entre 5.5 a 6.9 """;"6.1""";iOS > 10;iOS 16;Desbloqueado;IP68;USB-C;;Sí;Sí;Super Retina XDR;Doble Chip;;No;;No;;;;;Sí;;Sí;No;Grabación de vídeo en formato HEVC y H.264;Formatos compatibles: AAC, MP3, Apple Lossless, FLAC, Dolby Digital, Dolby Digital Plus y Dolby Atmos (entre otros);CPU de 6 núcleos (2 de rendimiento y 4 de eficiencia);;1 año;Celulares y Smartphones;MPXV3BE/A;14.75cm;7.15cm;0.78cm
"CELULAR SAMSUNG GALAXY S23 6.1"" 8GB 256GB 50MP + 10MP + 12MP SM-S911BZEMLTP CREMA";S/ 3,999;S/ 3,799;SAMSUNG;168;256GB;8GB;Qualcomm | SM8550;Octa-Core;12 MP;Más de 10MP;50 MP + 10 MP + 12 MP;3900 mAh;;"Entre 5.5 a 6.9 """;"6.1""";Android > a 5.0;Android 13;Desbloqueado;IP68;USB-C;5G/4G / Wi-Fi / USB / Bluetooth / NFC;No;Sí;Dynamic AMOLED 2X;Single Chip;;Sí;SI;Sí;Sí;Sí;Sí;No;Sí;Desbloqueado;No;No;MP4,M4V,3GP,3G2,WMV,ASF,AVI,FLV,MKV,WEBM;MP3,M4A,3GA,AAC,OGG,OGA,WAV,WMA,AMR,AWB,FLAC,MID,MIDI,XMF,MXMF,IMY,RTTTL,RTX,OTA,DFF,DSF,APE;3.36GHz,2.8GHz,2GHz;3900 mAh;1 año;Celulares y Smartphones;SM-S911B;146.3;70.9;7.6
SAMSUNG GALAXY S21 FE 128GB 6GB GRIS;S/ 2,899;S/ 2,499;SAMSUNG;0.177;128GB;6GB;EXYNOS;SEC | Exynos 2100;32MP;Más de 10MP;12 MP + 12MP + 8MP;4500 mAh;;"Entre 5.5 a 6.9 """;"6.4""";Android > a 5.0;Android 11;Desbloqueado;No;USB-C;3G/ 4G/ 5G;No;Sí;;Single Chip;;No;;Sí;;;;;Sí;;Sí;No;;-;2.9GHz,2.8GHz,2.2GHz;;1 año;Celulares y Smartphones;S21 FE;15.57;7.41;0.79
"CELULAR SAMSUNG GALAXY S23 PLUS 6.6"" 8GB 512GB 50MP + 10MP + 12MP SM-S916BZGMLTP VERDE";S/ 4,799;S/ 4,599;SAMSUNG;195;512GB;8GB;Qualcomm | SM8550;Octa-Core;12 MP;Más de 10MP;50 MP + 10 MP + 12 MP;4700 mAh;;"Entre 5.5 a 6.9 """;"6.6""";Android > a 5.0;Android 13;Desbloqueado;IP68;USB-C;5G/4G / Wi-Fi / USB / Bluetooth / NFC;No;Sí;Dynamic AMOLED 2X;Single Chip;;Sí;SI;Sí;Sí;Sí;Sí;No;Sí;Desbloqueado;No;No;MP4,M4V,3GP,3G2,WMV,ASF,AVI,FLV,MKV,WEBM;MP3,M4A,3GA,AAC,OGG,OGA,WAV,WMA,AMR,AWB,FLAC,MID,MIDI,XMF,MXMF,IMY,RTTTL,RTX,OTA,DFF,DSF,APE;3.36GHz,2.8GHz,2GHz;4700 mAh;1 año;Celulares y Smartphones;SM-S916B;157.8;76.2;7.6
"CELULAR SAMSUNG GALAXY S23 ULTRA 6.8"" 12GB 512GB 200MP + 10MP + 12MP + 10MP SM-S918BLIVLTP LAVANDA";S/ 5,599;S/ 5,399;SAMSUNG;233;512GB;12GB;Qualcomm | SM8550;Octa-Core;12 MP;Más de 10MP;200 MP + 10 MP + 12 MP + 10 MP;5000 mAh;;"Entre 5.5 a 6.9 """;"6.8""";Android > a 5.0;Android 13;Desbloqueado;IP68;USB-C;5G/4G / Wi-Fi / USB / Bluetooth / NFC;No;Sí;Dynamic AMOLED 2X;Single Chip;;Sí;SI;Sí;Sí;Sí;Sí;No;Sí;Desbloqueado;No;No;MP4,M4V,3GP,3G2,WMV,ASF,AVI,FLV,MKV,WEBM;MP3,M4A,3GA,AAC,OGG,OGA,WAV,WMA,AMR,AWB,FLAC,MID,MIDI,XMF,MXMF,IMY,RTTTL,RTX,OTA,DFF,DSF,APE;3.36GHz,2.8GHz,2GHz;5000 mAh;1 año;Celulares y Smartphones;SM-S918B;163.4;78.1;8.9
"APPLE IPHONE 14 PLUS 6.7"" 128GB 12MP + 12MP AZUL";S/ 4,999;S/ 4,899;APPLE;0.203kg;128GB;No aplica;A15 Bionic;Apple Chip A15 Bionic;12MP;Más de 10MP;12 MP + 12 MP;-;;"Entre 5.5 a 6.9 """;"6.7""";iOS > 10;iOS 16;Desbloqueado;IP68;USB-C;;Sí;Sí;Super Retina XDR;Doble Chip;;No;;No;;;;;Sí;;Sí;No;Grabación de vídeo en formato HEVC y H.264;Formatos compatibles: AAC, MP3, Apple Lossless, FLAC, Dolby Digital, Dolby Digital Plus y Dolby Atmos (entre otros);CPU de 6 núcleos (2 de rendimiento y 4 de eficiencia);;1 año;Celulares y Smartphones;MQ523BE/A;16.08cm;7.81cm;0.78cm
"CELULAR SAMSUNG GALAXY S23 ULTRA 6.8"" 12GB 512GB 200MP + 10MP + 12MP + 10MP SM-S918BZEVLTP CREMA";S/ 5,599;S/ 5,399;SAMSUNG;233;512GB;12GB;Qualcomm | SM8550;Octa-Core;12 MP;Más de 10MP;200 MP + 10 MP + 12 MP + 10 MP;5000 mAh;;"Entre 5.5 a 6.9 """;"6.8""";Android > a 5.0;Android 13;Desbloqueado;IP68;USB-C;5G/4G / Wi-Fi / USB / Bluetooth / NFC;No;Sí;Dynamic AMOLED 2X;Single Chip;;Sí;SI;Sí;Sí;Sí;Sí;No;Sí;Desbloqueado;No;No;MP4,M4V,3GP,3G2,WMV,ASF,AVI,FLV,MKV,WEBM;MP3,M4A,3GA,AAC,OGG,OGA,WAV,WMA,AMR,AWB,FLAC,MID,MIDI,XMF,MXMF,IMY,RTTTL,RTX,OTA,DFF,DSF,APE;3.36GHz,2.8GHz,2GHz;5000 mAh;1 año;Celulares y Smartphones;SM-S918B;163.4;78.1;8.9
"CELULAR MOTOROLA MOTO EDGE 30 FUSION 6.4"" 12GB 256MB 50MP + 13MP + 2MP BLANCO";S/ 2,499;S/ 2,399;MOTOROLA;168;256GB;12GB;SNAPDRAGON;Snapdragon 888;13MP;Más de 10MP;50MP+13MP+2MP ;4400mAh;;"Entre 5.5 a 6.9 """;6.4;Android > a 5.0;Android 12;Desbloqueado;No;USB-C;5G;Sí;Sí;OLED;Single Chip;;Sí;Sí;No;Sí;Sí;Sí;;Sí;;Sí;No;8K@30fps, 4K@30fps, 1080p@30/60/120fps, 720p@960fps, gyro-EIS;MP3;2.4GHz;4400mAh;1 año;Celulares y Smartphones;EDGE 30 FUSION ;15.84;7.19;0.745
"CELULAR SAMSUNG GALAXY S23 ULTRA 6.8"" 12GB 512GB 200MP + 10MP + 12MP + 10MP SM-S918BZGVLTP VERDE";S/ 5,599;S/ 5,399;SAMSUNG;233;512GB;12GB;Qualcomm | SM8550;Octa-Core;12 MP;Más de 10MP;200 MP + 10 MP + 12 MP + 10 MP;5000 mAh;;"Entre 5.5 a 6.9 """;"6.8""";Android > a 5.0;Android 13;Desbloqueado;IP68;USB-C;5G/4G / Wi-Fi / USB / Bluetooth / NFC;No;Sí;Dynamic AMOLED 2X;Single Chip;;Sí;SI;Sí;Sí;Sí;Sí;No;Sí;Desbloqueado;No;No;MP4,M4V,3GP,3G2,WMV,ASF,AVI,FLV,MKV,WEBM;MP3,M4A,3GA,AAC,OGG,OGA,WAV,WMA,AMR,AWB,FLAC,MID,MIDI,XMF,MXMF,IMY,RTTTL,RTX,OTA,DFF,DSF,APE;3.36GHz,2.8GHz,2GHz;5000 mAh;1 año;Celulares y Smartphones;SM-S918B;163.4;78.1;8.9
"CELULAR SAMSUNG GALAXY S23 6.1"" 8GB 256GB 50MP + 10MP + 12MP SM-S911BZKMLTP NEGRO";S/ 3,999;S/ 3,799;SAMSUNG;168;256GB;8GB;Qualcomm | SM8550;Octa-Core;12 MP;Más de 10MP;50 MP + 10 MP + 12 MP;3900 mAh;;"Entre 5.5 a 6.9 """;"6.1""";Android > a 5.0;Android 13;Desbloqueado;IP68;USB-C;5G/4G / Wi-Fi / USB / Bluetooth / NFC;No;Sí;Dynamic AMOLED 2X;Single Chip;;Sí;SI;Sí;Sí;Sí;Sí;No;Sí;Desbloqueado;No;No;MP4,M4V,3GP,3G2,WMV,ASF,AVI,FLV,MKV,WEBM;MP3,M4A,3GA,AAC,OGG,OGA,WAV,WMA,AMR,AWB,FLAC,MID,MIDI,XMF,MXMF,IMY,RTTTL,RTX,OTA,DFF,DSF,APE;3.36GHz,2.8GHz,2GHz;3900 mAh;1 año;Celulares y Smartphones;SM-S911B;146.3;70.9;7.6
"CELULAR SAMSUNG GALAXY Z FOLD4 7.6"" 12GB 256GB 50MP + 12MP + 10MP NEGRO";S/ 6,799;S/ 6,599;SAMSUNG;0.263;256GB;12GB;Octa Core;Qualcomm | SM8475;4 MP;Más de 10MP;50 MP + 12 MP + 10 MP;4400 mAh;;"Entre 7 a 8""";"7.6""";Android > a 5.0;Android 12;Desbloqueado;IP68;USB-C;4G / Wi-Fi / USB / Bluetooth / NFC;No;Sí;Dynamic AMOLED 2X;Single Chip;;Sí;Sí;Sí;Sí;Sí;Sí;No;Sí;Desbloqueado;No;No;MP4,M4V,3GP,3G2,WMV,ASF,AVI,FLV,MKV,WEBM;MP3,M4A,3GA,AAC,OGG,OGA,WAV,WMA,AMR,AWB,FLAC,MID,MIDI,XMF,MXMF,IMY,RTTTL,RTX,OTA,DFF,DSF,APE;3.18GHz,2.7GHz,2GHz;4400mAh;1 año;Celulares y Smartphones;SM-F936B;15.51;13.01;0.63
"CELULAR SAMSUNG GALAXY Z FLIP 4 6.7"" 8GB 128GB 12MP + 12MP PÚRPURA";S/ 3,699;S/ 3,599;SAMSUNG;0.187;128GB;8GB;Octa Core;Qualcomm | SM8475;10 MP;Más de 10MP;12 MP + 12 MP;3700 mAh;;"Entre 5.5 a 6.9 """;"6.7""";Android > a 5.0;Android 12;Desbloqueado;IP68;USB-C;4G / Wi-Fi / USB / Bluetooth / NFC;No;Sí;Dynamic AMOLED 2X;Single Chip;;Sí;Sí;Sí;Sí;Sí;Sí;No;Sí;Desbloqueado;No;No;MP4,M4V,3GP,3G2,WMV,ASF,AVI,FLV,MKV,WEBM;MP3,M4A,3GA,AAC,OGG,OGA,WAV,WMA,AMR,AWB,FLAC,MID,MIDI,XMF,MXMF,IMY,RTTTL,RTX,OTA,DFF,DSF,APE;3.18GHz,2.7GHz,2GHz;3700 mAh;1 año;Celulares y Smartphones;SM-F721B;16.52;7.19;0.69
"APPLE IPHONE 14 PLUS 6.7"" 256GB 12MP + 12MP AZUL";S/ 5,599;S/ 5,499;APPLE;0.203kg;256GB;No aplica;A15 Bionic;Apple Chip A15 Bionic;12MP;Más de 10MP;12 MP + 12 MP;-;;"Entre 5.5 a 6.9 """;"6.7""";iOS > 10;iOS 16;Desbloqueado;IP68;USB-C;;Sí;Sí;Super Retina XDR;Doble Chip;;No;;No;;;;;Sí;;Sí;No;Grabación de vídeo en formato HEVC y H.264;Formatos compatibles: AAC, MP3, Apple Lossless, FLAC, Dolby Digital, Dolby Digital Plus y Dolby Atmos (entre otros);CPU de 6 núcleos (2 de rendimiento y 4 de eficiencia);;1 año;Celulares y Smartphones;MQ583BE/A;16.08cm;7.81cm;0.78cm
"IPHONE 11 6.1"" 128GB 12MP + 12MP - NEGRO";S/ 2,499;S/ 2,399;APPLE;194 g;128GB;;;;12MP;Más de 10MP;12MP;;;"Entre 5.5 a 6.9 """;6.1;iOS;;Desbloqueado;;;4G;;;;Single Chip;;;;No;;;;;Sí;;Sí;;;;;;1 año;Celulares y smartphones;iPhone 11;14.67;7.57;0.83
"CELULAR SAMSUNG GALAXY S22 6.1"" 8GB 128GB 50MP + 10MP + 12MP NEGRO";S/ 3,499;S/ 3,299;SAMSUNG;167;128GB;8GB;;Qualcomm | SM8450;10MP;Más de 10MP;50MP + 10MP + 12MP;;;Entre 4.5 a 4.9'';6.1;Android > a 5.0;;Desbloqueado;;;5G;;;Dynamic AMOLED 2X;Single Chip;;;;Sí;;;;;Sí;Desbloqueado;Sí;No;Sí;Sí;2.99GHz, 2.4GHz, 1.7GHz;3700 mAh;1 año;Celulares y smartphones;S22;14.6;0.76;7.06
"APPLE IPHONE 14 6.1"" 128GB 12MP + 12MP BLANCO ESTELAR";S/ 4,499;S/ 4,349;APPLE;0.172kg;128GB;No aplica;A15 Bionic;Apple Chip A15 Bionic;12MP;Más de 10MP;12 MP + 12 MP;-;;"Entre 5.5 a 6.9 """;"6.1""";iOS > 10;iOS 16;Desbloqueado;IP68;USB-C;;Sí;Sí;Super Retina XDR;Doble Chip;;No;;No;;;;;Sí;;Sí;No;Grabación de vídeo en formato HEVC y H.264;Formatos compatibles: AAC, MP3, Apple Lossless, FLAC, Dolby Digital, Dolby Digital Plus y Dolby Atmos (entre otros);CPU de 6 núcleos (2 de rendimiento y 4 de eficiencia);;1 año;Celulares y Smartphones;MPUR3BE/A;14.67cm;7.15cm;0.78cm
"APPLE IPHONE 14 6.1"" 128GB 12MP + 12MP MORADO";S/ 4,499;S/ 4,349;APPLE;0.172kg;128GB;No aplica;A15 Bionic;Apple Chip A15 Bionic;12MP;Más de 10MP;12 MP + 12 MP;-;;"Entre 5.5 a 6.9 """;"6.1""";iOS > 10;iOS 16;Desbloqueado;IP68;USB-C;;Sí;Sí;Super Retina XDR;Doble Chip;;No;;No;;;;;Sí;;Sí;No;Grabación de vídeo en formato HEVC y H.264;Formatos compatibles: AAC, MP3, Apple Lossless, FLAC, Dolby Digital, Dolby Digital Plus y Dolby Atmos (entre otros);CPU de 6 núcleos (2 de rendimiento y 4 de eficiencia);;1 año;Celulares y Smartphones;MPV03BE/A;14.67cm;7.15cm;0.78cm
"APPLE IPHONE 14 6.1"" 128GB 12MP + 12MP AZUL";S/ 4,499;S/ 4,349;APPLE;0.172kg;128GB;No aplica;A15 Bionic;Apple Chip A15 Bionic;12MP;Más de 10MP;12 MP + 12 MP;-;;"Entre 5.5 a 6.9 """;"6.1""";iOS > 10;iOS 16;Desbloqueado;IP68;USB-C;;Sí;Sí;Super Retina XDR;Doble Chip;;No;;No;;;;;Sí;;Sí;No;Grabación de vídeo en formato HEVC y H.264;Formatos compatibles: AAC, MP3, Apple Lossless, FLAC, Dolby Digital, Dolby Digital Plus y Dolby Atmos (entre otros);CPU de 6 núcleos (2 de rendimiento y 4 de eficiencia);;1 año;Celulares y Smartphones;MPVN3BE/A;14.67cm;7.15cm;0.78cm
CELULAR VIVO Y53S 128+8 GB FANTASTIC RAINBOW; ; ;VIVO;0.35;128 GB;8GB;Octa Core;Helio G80;8 MP;Más de 10MP;64 MP f/1.79;5000 mAh;;"Entre 5.5 a 6.9 """;;Android > a 5.0;Android 12;Desbloqueado;No;USB;4G;Sí;Sí;;Doble Chip;;Sí;;Sí;;;;;Sí;;Sí;Sí;MP4, 3GP, AVI, TS, MKV, FLV;WAV, MP3, MP2, AAC, WMA, M4A, OPUS, MP1, Vorbis, APE, FLAC;2x2.0 GHz Kryo 460 & 6x1.8 GHz Kryo 460;;1 AÑO;Celulares y Smartphones;Y53s;18.5;9.5;5.6
"IPHONE 13 6.1"" 128GB 12MP + 12MP - BLANCO ESTELAR";S/ 4,099;S/ 3,999;APPLE;173 g;128GB;;;;12MP;Más de 10MP;12MP;;;Entre 4.5 a 4.9'';6.1;iOS;;Desbloqueado;;;5G;;;;Single Chip;;;;No;;;;;Sí;;Sí;;;;;;1 año;Celulares y smartphones;iPhone 13;14.67;7.15;0.76
"IPHONE 13 6.1"" 128GB 12MP + 12MP - AZUL MEDIANOCHE";S/ 4,099;S/ 3,999;APPLE;;128GB;;;;12MP;Más de 10MP;12MP;;;Entre 4.5 a 4.9'';6.1;iOS;;Desbloqueado;;;5G;;;;Single Chip;;;;No;;;;;Sí;;Sí;;;;;;1 año;Celulares y smartphones;iPhone 13;1.7;7.15;0.76
"IPHONE 13 PRO 6.1"" 128GB 12MP + 12MP - AZUL SIERRA";S/ 4,799;S/ 4,699;APPLE;203 g;128GB;;;;12MP;Más de 10MP;12MP;;;"Entre 5.5 a 6.9 """;6.1;iOS;;Desbloqueado;;;5G;;;;Single Chip;;;;No;;;;;Sí;;Sí;;;;;;1 año;Celulares y smartphones;iPhone 13 Pro;74.67;7.15;0.76
"CELULAR MOTOROLA MOTO EDGE 30 NEO 6"" 8GB 128MB 64MP + 13MP MORADO";S/ 1,699;S/ 1,629;MOTOROLA;0.165;128GB;8GB;SNAPDRAGON;Snapdragon 695;32MP;Más de 10MP;64MP+13MP;4020mAh;;"Entre 5.5 a 6.9 """;6;Android > a 5.0;Android 12;Desbloqueado;No;USB-C;5G;Sí;Sí;OLED;Single Chip;;Sí;Sí;No;Sí;Sí;Sí;;Sí;;Sí;No;1080p@30/60/120fps;MP3;2.4GHz;4020mAh;1 año;Celulares y Smartphones;EDGE 30 NEO ;15.29;7.12;0.775
"CELULAR MOTOROLA MOTO EDGE 30 FUSION 6.4"" 12GB 256MB 50MP + 13MP + 2MP NEGRO";S/ 2,499;S/ 2,399;MOTOROLA;168;256GB;12GB;SNAPDRAGON;Snapdragon 888;13MP;Más de 10MP;50MP+13MP+2MP ;4400mAh;;"Entre 5.5 a 6.9 """;6.4;Android > a 5.0;Android 12;Desbloqueado;No;USB-C;5G;Sí;Sí;OLED;Single Chip;;Sí;Sí;No;Sí;Sí;Sí;;Sí;;Sí;No;8K@30fps, 4K@30fps, 1080p@30/60/120fps, 720p@960fps, gyro-EIS;MP3;2.4GHz;4400mAh;1 año;Celulares y Smartphones;EDGE 30 FUSION ;15.84;7.19;0.745
"APPLE IPHONE 14 6.1"" 256GB 12MP + 12MP BLANCO ESTELAR";S/ 4,999;S/ 4,899;APPLE;0.172kg;256GB;No aplica;A15 Bionic;Apple Chip A15 Bionic;12MP;Más de 10MP;12 MP + 12 MP;-;;"Entre 5.5 a 6.9 """;"6.1""";iOS > 10;iOS 16;Desbloqueado;IP68;USB-C;;Sí;Sí;Super Retina XDR;Doble Chip;;No;;No;;;;;Sí;;Sí;No;Grabación de vídeo en formato HEVC y H.264;Formatos compatibles: AAC, MP3, Apple Lossless, FLAC, Dolby Digital, Dolby Digital Plus y Dolby Atmos (entre otros);CPU de 6 núcleos (2 de rendimiento y 4 de eficiencia);;1 año;Celulares y Smartphones;MPW43BE/A;14.67cm;7.15cm;0.78cm
"APPLE IPHONE 14 6.1"" 128GB 12MP + 12MP MEDIANOCHE";S/ 4,499;S/ 4,349;APPLE;0.172kg;128GB;No aplica;A15 Bionic;Apple Chip A15 Bionic;12MP;Más de 10MP;12 MP + 12 MP;-;;"Entre 5.5 a 6.9 """;"6.1""";iOS > 10;iOS 16;Desbloqueado;IP68;USB-C;;Sí;Sí;Super Retina XDR;Doble Chip;;No;;No;;;;;Sí;;Sí;No;Grabación de vídeo en formato HEVC y H.264;Formatos compatibles: AAC, MP3, Apple Lossless, FLAC, Dolby Digital, Dolby Digital Plus y Dolby Atmos (entre otros);CPU de 6 núcleos (2 de rendimiento y 4 de eficiencia);;1 año;Celulares y Smartphones;MPUF3BE/A;14.67cm;7.15cm;0.78cm
CELULAR VIVO Y16 64+4 DORADO LLOVIZNA; ; ;VIVO;0.35;64 GB;4GB;Mediatek;Helio P35;5 MP;Más de 10MP;13 MP + 2 MP;5000 mAh;;"Entre 5.5 a 6.9 """;;Android > a 5.0;Android 12;Desbloqueado;No;USB;4G;Sí;Sí;;Doble Chip;;Sí;;Sí;;;;;Sí;;Sí;Sí;MP4, 3GP, AVI, TS, MKV, FLV;WAV, MP3, MP2, AAC, WMA, M4A, OPUS, MP1, Vorbis, APE, FLAC;4 x 2,3 GHz Cortex-A53 y 4 x 1,8 GHz Cortex-A53);;1 AÑO;Celulares y Smartphones;Y16;18.4;9.5;6.7
"CELULAR SAMSUNG GALAXY S22 ULTRA 6.8"" 8GB 128GB 108MP + 10MP + 12MP + 10MP VERDE";S/ 4,399;S/ 4,199;SAMSUNG;228 g;128GB;8GB;;;40MP;Más de 10MP;108MP + 10MP + 12MP + 10MP;5000 mAh;;"Entre 7 a 8""";6.8;Android > a 5.0;Android 6;Desbloqueado;No;;3G/ 4G/ 5G;;Sí;Dynamic AMOLED 2X;;;Sí;;Sí;Sí;Sí;Sí;No;Sí;Desbloqueado;Sí;No;Sí;Sí;2.99GHz,2.4GHz,1.7GHz;;1 año;Celulares y smartphones;Galaxy S22 Ultra;16.33 cm;7.79 cm;0.89 cm
CELULAR VIVO Y16 64+4 GB NEGRO ESTELAR; ; ;VIVO;0.35;64 GB;4GB;Mediatek;Helio P35;5 MP;Más de 10MP;13 MP + 2 MP;5000 mAh;;"Entre 5.5 a 6.9 """;;Android > a 5.0;Android 12;Desbloqueado;No;USB;4G;Sí;Sí;;Doble Chip;;Sí;;Sí;;;;;Sí;;Sí;Sí;MP4, 3GP, AVI, TS, MKV, FLV;WAV, MP3, MP2, AAC, WMA, M4A, OPUS, MP1, Vorbis, APE, FLAC;4 x 2,3 GHz Cortex-A53 y 4 x 1,8 GHz Cortex-A53);;1 AÑO;Celulares y Smartphones;Y16;18.4;9.5;6.7
CELULAR SAMSUNG 6.5'' 48MP+2MP 3GB 32GB A03 NEGRO; ; ;SAMSUNG;211 g;32GB;3GB;;Octa-Core;5MP;;48MP + 2MP;;;Entre 4.5 a 4.9'';6.5;Android > a 5.0;;Desbloqueado;;;4G;;;;Single Chip;;;;Sí;;;;;Sí;Desbloqueado;No;No;Sí;Sí;1.6GHz, 1.6GHz;5000 mAh;1 año;Celulares y smartphones;A03;16.42;7.59;0.91
"CELULAR SAMSUNG GALAXY S21 FE 6.4"" 5G 128GB 6GB 12MP + 12MP + 8MP VERDE";S/ 2,899;S/ 2,499;SAMSUNG;177 g;128GB;6GB;EXYNOS;Octa-Core;32MP;Más de 10MP;12MP + 12MP + 8MP;4500 mAh;;"Entre 5.5 a 6.9 """;"6.4""";Android > a 5.0;Android 12;Desbloqueado;IP68;USB-C;4G / Wi-Fi / USB / Bluetooth / NFC;No;Sí;Dynamic AMOLED 2X;Single Chip;;Sí;Sí;Sí;Sí;Sí;Sí;No;Sí;Desbloqueado;No;No;MP4,M4V,3GP,3G2,WMV,ASF,AVI,FLV,MKV,WEBM;MP3,M4A,3GA,AAC,OGG,OGA,WAV,WMA,AMR,AWB,FLAC,MID,MIDI,XMF,MXMF,IMY,RTTTL,RTX,OTA,DFF,DSF,APE;2.8GHz,2.4GHz,1.8GHz;4500 mAh;1 año;Celulares y Smartphones;SM-G990E;15.57;7.45;0.79
"CELULAR MOTOROLA MOTO EDGE 30 NEO 6"" 8GB 128MB 64MP + 13MP NEGRO";S/ 1,699;S/ 1,629;MOTOROLA;0.165;128GB;8GB;SNAPDRAGON;Snapdragon 695;32MP;Más de 10MP;64MP+13MP;4020mAh;;"Entre 5.5 a 6.9 """;6;Android > a 5.0;Android 12;Desbloqueado;No;USB-C;5G;Sí;Sí;OLED;Single Chip;;Sí;Sí;No;Sí;Sí;Sí;;Sí;;Sí;No;1080p@30/60/120fps;MP3;2.4GHz;4020mAh;1 año;Celulares y Smartphones;EDGE 30 NEO ;15.29;7.12;0.775
"CELULAR MOTOROLA MOTO EDGE 30 NEO 6"" 8GB 128MB 64MP + 13MP VERDE";S/ 1,699;S/ 1,629;MOTOROLA;0.165;128GB;8GB;SNAPDRAGON;Snapdragon 695;32MP;Más de 10MP;64MP+13MP;4020mAh;;"Entre 5.5 a 6.9 """;6;Android > a 5.0;Android 12;Desbloqueado;No;USB-C;5G;Sí;Sí;OLED;Single Chip;;Sí;Sí;No;Sí;Sí;Sí;;Sí;;Sí;No;1080p@30/60/120fps;MP3;2.4GHz;4020mAh;1 año;Celulares y Smartphones;EDGE 30 NEO ;15.29;7.12;0.775
"CELULAR SAMSUNG GALAXY Z FOLD4 7.6"" 12GB 256GB 50MP + 12MP + 10MP BEIGE";S/ 6,799;S/ 6,599;SAMSUNG;0.263;256GB;12GB;Octa Core;Qualcomm | SM8475;4 MP;Más de 10MP;50 MP + 12 MP + 10 MP;4400 mAh;;"Entre 7 a 8""";"7.6""";Android > a 5.0;Android 12;Desbloqueado;IP68;USB-C;4G / Wi-Fi / USB / Bluetooth / NFC;No;Sí;Dynamic AMOLED 2X;Single Chip;;Sí;Sí;Sí;Sí;Sí;Sí;No;Sí;Desbloqueado;No;No;MP4,M4V,3GP,3G2,WMV,ASF,AVI,FLV,MKV,WEBM;MP3,M4A,3GA,AAC,OGG,OGA,WAV,WMA,AMR,AWB,FLAC,MID,MIDI,XMF,MXMF,IMY,RTTTL,RTX,OTA,DFF,DSF,APE;3.18GHz,2.7GHz,2GHz;4400mAh;1 año;Celulares y Smartphones;SM-F936B;15.51;13.01;0.63
"IPHONE 13 6.1"" 128GB 12MP + 12MP - AZUL";S/ 4,099;S/ 3,999;APPLE;173 g;128GB;;;;12MP;Más de 10MP;12MP;;;Entre 4.5 a 4.9'';6.1;iOS;;Desbloqueado;;;5G;;;;Single Chip;;;;No;;;;;Sí;;Sí;;;;;;1 año;Celulares y smartphones;iPhone 13;;;
"APPLE IPHONE 14 PLUS 6.7"" 256GB 12MP + 12MP ROJO";S/ 5,599;S/ 5,499;APPLE;0.203kg;256GB;No aplica;A15 Bionic;Apple Chip A15 Bionic;12MP;Más de 10MP;12 MP + 12 MP;-;;"Entre 5.5 a 6.9 """;"6.7""";iOS > 10;iOS 16;Desbloqueado;IP68;USB-C;;Sí;Sí;Super Retina XDR;Doble Chip;;No;;No;;;;;Sí;;Sí;No;Grabación de vídeo en formato HEVC y H.264;Formatos compatibles: AAC, MP3, Apple Lossless, FLAC, Dolby Digital, Dolby Digital Plus y Dolby Atmos (entre otros);CPU de 6 núcleos (2 de rendimiento y 4 de eficiencia);;1 año;Celulares y Smartphones;MQ573BE/A;16.08cm;7.81cm;0.78cm
IPHONE 13 6.1'' 128GB 12MP + 12MP VERDE;S/ 4,099;S/ 3,999;APPLE;173 g;128GB;;;Chip A15 Bionic;12MP;Más de 10MP;12MP + 12MP;;;"Entre 5.5 a 6.9 """;;iOS;;Desbloqueado;;;5G;;;Super Retina XDR;;;;;Sí;;;;No;;Desbloqueado;Sí;;Sí;Sí;;;1 año;Celulares y smartphones;iPhone 13;14.67 cm;7.15 cm;0.76 cm
"APPLE IPHONE 14 6.1"" 128GB 12MP + 12MP ROJO";S/ 4,499;S/ 4,349;APPLE;0.172kg;128GB;No aplica;A15 Bionic;Apple Chip A15 Bionic;12MP;Más de 10MP;12 MP + 12 MP;-;;"Entre 5.5 a 6.9 """;"6.1""";iOS > 10;iOS 16;Desbloqueado;IP68;USB-C;;Sí;Sí;Super Retina XDR;Doble Chip;;No;;No;;;;;Sí;;Sí;No;Grabación de vídeo en formato HEVC y H.264;Formatos compatibles: AAC, MP3, Apple Lossless, FLAC, Dolby Digital, Dolby Digital Plus y Dolby Atmos (entre otros);CPU de 6 núcleos (2 de rendimiento y 4 de eficiencia);;1 año;Celulares y Smartphones;MPVA3BE/A;14.67cm;7.15cm;0.78cm
"APPLE IPHONE 14 PLUS 6.7"" 128GB 12MP + 12MP MORADO";S/ 4,999;S/ 4,899;APPLE;0.203kg;128GB;No aplica;A15 Bionic;Apple Chip A15 Bionic;12MP;Más de 10MP;12 MP + 12 MP;-;;"Entre 5.5 a 6.9 """;"6.7""";iOS > 10;iOS 16;Desbloqueado;IP68;USB-C;;Sí;Sí;Super Retina XDR;Doble Chip;;No;;No;;;;;Sí;;Sí;No;Grabación de vídeo en formato HEVC y H.264;Formatos compatibles: AAC, MP3, Apple Lossless, FLAC, Dolby Digital, Dolby Digital Plus y Dolby Atmos (entre otros);CPU de 6 núcleos (2 de rendimiento y 4 de eficiencia);;1 año;Celulares y Smartphones;MQ503BE/A;16.08cm;7.81cm;0.78cm
"APPLE IPHONE SE 4.7"" 64GB 7MP 12MP AZUL MEDIANOCHE";S/ 2,399;S/ 2,199;APPLE;0.285;64GB;No aplica;;;7MP;Más de 10MP;12MP;No aplica;;Entre 4.5 a 4.9'';"4.7""";iOS;;Desbloqueado;IP67;;5G / Wi-Fi / Bluetooth;;Sí;Retina HD;;;Sí;;No;Sí;Sí;Sí;No;Sí;Desbloqueado;Sí;;No aplica;AAC, MP3, Apple Lossless, FLAC, Dolby Digital y Dolby Digital Plus (entre otros);No aplica;;1 año;;iPhone SE;15.7;8.59;2.61
"APPLE IPHONE SE 4.7"" 128GB 7MP 12MP AZUL MEDIANOCHE";S/ 2,699;S/ 2,499;APPLE;0.285;128GB;No aplica;;;7MP;Más de 10MP;12MP;No aplica;;Entre 4.5 a 4.9'';"4.7""";iOS;;Desbloqueado;IP67;;5G / Wi-Fi / Bluetooth;;Sí;Retina HD;;;Sí;;No;Sí;Sí;Sí;No;Sí;Desbloqueado;Sí;;No aplica;AAC, MP3, Apple Lossless, FLAC, Dolby Digital y Dolby Digital Plus (entre otros);No aplica;;1 año;;iPhone SE;15.7;8.59;2.61
CELULAR HUAWEI NOVA 9 8GB 128GB BLACK; ; ;HUAWEI;175g;128GB;8GB;;Qualcomm Snapdragon 778G 4G;32MP;Más de 10 MP;50MP + 8MP + 2MP + 2MP;;;Entre 4.5 a 4.9'';6.57;EMUI > a 10;;;;;Bluetooth;;;;Doble Chip;;;;Sí;;;;;Sí;;Sí;;;;Cortex-A78@2.42 GHz + 4 x Cortex-A55@1.8 GHz;4300 mAh ;1 año;Celulares y smartphones;;16;7.33;0.78
CELULAR SAMSUNG GALAXY S21 FE 6.4'' 8GB 256GB 12MP + 12MP + 8MP VIOLETA; ; ;SAMSUNG;177 g;256GB;6GB;;SEC | Exynos 2100;32MP;Más de 10MP;12MP + 12MP + 8MP;4500 mAh;;"Entre 5.5 a 6.9 """;"6.4""";Android > a 5.0;Android 12;Desbloqueado;Sí;USB-C;4G / Wi-Fi / USB / Bluetooth / NFC;No;Sí;Dynamic AMOLED 2X;Single Chip;;Sí;SI;Sí;Sí;Sí;Sí;No;Sí;Desbloqueado;No;No;MP4,M4V,3GP,3G2,WMV,ASF,AVI,FLV,MKV,WEBM;MP3,M4A,3GA,AAC,OGG,OGA,WAV,WMA,AMR,AWB,FLAC,MID,MIDI,XMF,MXMF,IMY,RTTTL,RTX,OTA,DFF,DSF,APE;2.8GHz,2.4GHz,1.8GHz;4500 mAh;1 año;Celulares y smartphones;SM-G990E;15.57;7.45;0.79
"CELULAR SAMSUNG GALAXY S22+ 6.6"" 8GB 128GB 50MP + 10MP + 12MP ROSADO";S/ 4,599;S/ 4,399;SAMSUNG;195;128GB;8GB;;Qualcomm | SM8450;10MP;Más de 10MP;50MP + 10MP + 12MP;;;Entre 4.5 a 4.9'';6.6;Android > a 5.0;Android 12;Desbloqueado;;;5G;;;Dynamic AMOLED 2X;Single Chip;;;;Sí;;;;;Sí;Desbloqueado;Sí;No;Sí;Sí;2.99GHz, 2.4GHz, 1.7GHz;4500 mAh;1 año;Celulares y smartphones;S22+;;;
"CELULAR XIAOMI REDMI 10A 6.52"" 3GB 64GB 13MP + 2MP GRIS";S/ 609;S/ 599;XIAOMI;0.192;64GB;3GB;Mediatek; Helio G25;5MP;Más de 10MP;13MP + 2MP;5000 mAh;;"Entre 5.5 a 6.9 """;"6.52""";Android > a 5.0;Android 12;Desbloqueado;No;Micro USB;4G / Wi-Fi / Bluetooth;Sí;Sí;HD;Doble Chip;;No;;No;No;Sí;Sí;;Sí;;No;No;720p, 1280×720 | a 30 fps;MP3;2.0 GHz;5000 mAh;1 año ;Celulares y Smartphones;Redmi 10A;16.49;7.67;0.909
CELULAR HONOR X7 6.74'' 4GB 128GB 48MP + 5MP + 2MP + 2MP PLATEADO; ; ;HONOR;;128GB;4GB;;;8 MP;Más de 10MP;48 + 5 + 2 + 2 MP;5000 mAh;;"Entre 5.5 a 6.9 """;6.74'';Android > a 5.0;;Desbloqueado;No;;4G, 3G, 2G;;Sí;LCD;;;Sí;;Sí;No;Sí;Sí;No;Sí;Desbloqueado;Sí;Sí;3gp, mp4, webm, mkv;mp3, mid, amr, awb, 3gp, mp4, m4a, aac, wav, ogg, flac, mkv;4 * A73 2.4GHz + 4 * A53 1.9GHz;;1 año;Celulares y smartphones;Honor X7;16.75 cm;7.71 cm;0.86 cm
CELULAR XIAOMI REDMI 10C 6.71'' 4GB 64GB 50MP + 2MP OCEAN BLUE;S/ 729;S/ 699;XIAOMI;0.19;64GB;4GB;Snapdragon;Snapdragon 680;5 MP ;Más de 10MP;50MP + 2MP;5.000 mAh;;"Entre 5.5 a 6.9 """;6.71;Android > a 5.0;Android 11;Desbloqueado;No;USB-C;4G / Wi-Fi / Bluetooth / USB;Sí;Sí;LCD;Doble Chip;;Sí;Sí;No;No;Sí;Sí;No;Sí;Desbloqueado;No;No;;;2,3 GHz ;5.000 mAh;1 año;Celulares y smartphones;Redmi 10C ;16.95;0.829;7.65
"SMARTPHONE XIAOMI REDMI 10 2022 6.5"" 128GB 50MP + 8MP + 2MP + 2MP PEBBLE WHITE";S/ 859;S/ 839;XIAOMI;181;128GB;4GB;;;50 MP + 8 MP + 2 MP +2 MP;De 7.1 a 9MP;8MP;5000 mAh;;"Entre 5.5 a 6.9 """;6.5;Android > a 5.0;;Desbloqueado;No;;4G;;Sí;Full HD;;;No;;No;No;Sí;;No;Sí;Desbloqueado;Sí;No;;MP4;2.0 GHZ;;1 Año;Celulares y smartphones;REDMI 10 2022;16.2;7.55;0.89
"CELULAR SAMSUNG GALAXY S22 6.1"" 8GB 128GB 50MP + 10MP + 12MP ROSADO";S/ 3,499;S/ 3,299;SAMSUNG;167;128GB;8GB;;Qualcomm | SM8450;10MP;Más de 10MP;50MP + 10MP + 12MP;;;Entre 4.5 a 4.9'';6.1;Android > a 5.0;Android 12;Desbloqueado;;;5G;;;Dynamic AMOLED 2X;Single Chip;;;;Sí;;;;;Sí;Desbloqueado;Sí;No;Sí;Sí;2.99GHz, 2.4GHz, 1.7GHz;3700 mAh;1 año;Celulares y smartphones;S22;;;
"CELULAR MOTOROLA EDGE 30 PRO 6.9"" 12GB 50MP + 50MP + 2MP AZUL";S/ 2,899;S/ 2,799;MOTOROLA;0.196;256GB;12GB;Snapdragon;Snapdragon 8 Gen ;60MP;Más de 10MP;50 MP + 50 MP + 2MP;4800 mAh;;"Entre 5.5 a 6.9 """;"6.9""";Android > a 5.0;Android 12;Desbloqueado;No;USB-C;5G;Sí;Sí;;Single Chip;;Sí;Sí;Sí;Sí;Sí;Sí;;Sí;;Sí;No;8K@24fps, 4K@30fps, 1080p@30/60/120/240/960fps, HDR10+ 10 bits, EIS;8K@24fps, 4K@30fps, 1080p@30/60/120/240/960fps, HDR10+ 10 bits, EIS;3GHz;4800 mAh;;Celulares y Smartphones;EDGE 30 PRO;16.36;0.88;7.6
CELULAR XIAOMI REDMI NOTE 11 4GB 128GB STAR BLUE; ; ;XIAOMI;0.179;128 GB;4GB;QUALCOMM SNAPDRAGON;Snapdragon 680 (6 nm);13MP;Más de 10MP;50MP+8MP+2MP+2MP;5.000 mAh;;"Entre 5.5 a 6.9 """;"6.43""";Android > a 5.0;Android 11;Desbloqueado;No;USB-C;4G / Wi-Fi / Bluetooth / USB;Sí;Sí;LCD;Doble Chip;;Sí;Sí;No;No;Sí;Sí;No;Sí;Desbloqueado;No;No;Resolución HD+ (1.650 x 720 píxeles);Sí;2.3 GHz ;5.000 mAh;1 año;Celulares y Smartphones;NOTE 11;15.98;0.809;7.37
"CELULAR SAMSUNG GALAXY S21 FE 6.4"" 5G 128GB 6GB 12MP + 12MP + 8MP VIOLETA";S/ 2,899;S/ 2,499;SAMSUNG;177 g;128GB;6GB;EXYNOS;Octa-Core;32MP;Más de 10MP;12MP + 12MP + 8MP;4500 mAh;;"Entre 5.5 a 6.9 """;"6.4""";Android > a 5.0;Android 12;Desbloqueado;IP68;USB-C;4G / Wi-Fi / USB / Bluetooth / NFC;No;Sí;Dynamic AMOLED 2X;Single Chip;;Sí;Sí;Sí;Sí;Sí;Sí;No;Sí;Desbloqueado;No;No;MP4,M4V,3GP,3G2,WMV,ASF,AVI,FLV,MKV,WEBM;MP3,M4A,3GA,AAC,OGG,OGA,WAV,WMA,AMR,AWB,FLAC,MID,MIDI,XMF,MXMF,IMY,RTTTL,RTX,OTA,DFF,DSF,APE;2.8GHz,2.4GHz,1.8GHz;4500 mAh;1 año;Celulares y Smartphones;SM-G990E;15.57;7.45;0.79
"IPHONE 13 PRO MAX 6.7"" 128GB 12MP + 12MP - PLATA"; ; ;APPLE;;128GB;;;;12MP;Más de 10MP;12MP;;;"Entre 5.5 a 6.9 """;;iOS;;Desbloqueado;;;5G;;;;Single Chip;;;;No;;;;;Sí;;Sí;;;;;;1 año;Celulares y smartphones;iPhone 13 Pro Max;16.08;7.81;0.76
"APPLE IPHONE SE 4.7"" 128GB 7MP 12MP ROJO";S/ 2,699;S/ 2,499;APPLE;0.285;128GB;No aplica;;;7MP;Más de 10MP;12MP;No aplica;;Entre 4.5 a 4.9'';"4.7""";iOS;;Desbloqueado;IP67;;5G / Wi-Fi / Bluetooth;;Sí;Retina HD;;;Sí;;No;Sí;Sí;Sí;No;Sí;Desbloqueado;Sí;;No aplica;AAC, MP3, Apple Lossless, FLAC, Dolby Digital y Dolby Digital Plus (entre otros);No aplica;;1 año;;iPhone SE;15.7;8.59;2.61
CELULAR REALME 21Y 6.5'' 4GB RAM 64GB 13MP + 2MP + 2MP NEGRO;S/ 699;S/ 669;REALME;189 g;64GB;4GB;;UNISOC T610;5MP;Más de 10MP;13MP + 2MP + 2MP;;;Entre 4.5 a 4.9'';6.5;Android > a 5.0;;Desbloqueado;;;4G LTE;;;LCD IPS;Doble Chip;;;;Sí;;;;;Sí;Desbloqueado;No;No;MP4;AAC, AMR, AWB, MIDI, MP3;Octa-Core 1.8 GHz;5000 mAh;1 año;Celulares y smartphones;Realme 21Y;0.89;7.642;16.52
CELULAR HONOR X9 BLACK;S/ 1,499;S/ 1,349;HONOR;-;128GB;8GB;SNAPDRAGON;Qualcomm Snapdragon 680;16MP;Más de 10MP;64+8+2+2MP;4800mAh;;"Entre 5.5 a 6.9 """;6.9;Android > a 5.0;Android 11;Desbloqueado;No;USB-C;4G / Wi-Fi / Bluetooth;Sí;Sí;IPS;Doble Chip;;Sí;Sí;Sí;No;Sí;Sí;No;Sí;Desbloqueado;Sí;No;3GP, MPEG4, REALMEDIA, H.264, H.263, HEVC / H.265 , VP9;MIDIS, WAP, AMR, AAC, MP3, AWB, 3GP, M4A, OGG, FLAC, MP4, WAV, MKV;4 x A73 2.4GHz+4 x A53 1.9GHz;;1 año;Celulares y Smartphones;ANY-LX3;-;-;-
XIAOMI REDMI NOTE 10S 6.43'' 128GB 64MP + 8MP + 2MP + 2MP; ; ;XIAOMI;;128GB;6GB;;Mediatek Helio G95;;Más de 10MP;64MP + 8MP + 2MP + 2MP;;;Entre 4.5 a 4.9'';6.43;Android > a 5.0;Android 10;;;;4G LTE;;;Full HD;Doble Chip;;;;Sí;;;;;Sí;;Sí;No;3gp, mp4;mp3, mp4, 3gp, ogg, amr, aac, flac, wav, midi;Octacore 2.05Ghz;5000 mAh;1 año;Celulares y smartphones;Redmi Note 10S;16.05;7.45;
"CELULAR XIAOMI REDMI 10A 6.52"" 3GB 64GB 13MP + 2MP PLATEADO";S/ 609;S/ 599;XIAOMI;0.192;64GB;3GB;Mediatek; Helio G25;5MP;Más de 10MP;13MP + 2MP;5000 mAh;;"Entre 5.5 a 6.9 """;"6.52""";Android > a 5.0;Android 12;Desbloqueado;No;Micro USB;4G / Wi-Fi / Bluetooth;Sí;Sí;HD;Doble Chip;;No;;No;No;Sí;Sí;;Sí;;No;No;720p, 1280×720 | a 30 fps;MP3;2.0 GHz;5000 mAh;1 año ;Celulares y Smartphones;Redmi 10A;16.49;7.67;0.909
"CELULAR XIAOMI REDMI 10A 6.52"" 3GB 64GB 13MP + 2MP AZUL";S/ 609;S/ 599;XIAOMI;0.192;64GB;3GB;Mediatek; Helio G25;5MP;Más de 10MP;13MP + 2MP;5000 mAh;;"Entre 5.5 a 6.9 """;"6.52""";Android > a 5.0;Android 12;Desbloqueado;No;Micro USB;4G / Wi-Fi / Bluetooth;Sí;Sí;HD;Doble Chip;;No;;No;No;Sí;Sí;;Sí;;No;No;720p, 1280×720 | a 30 fps;MP3;2.0 GHz;5000 mAh;1 año ;Celulares y Smartphones;Redmi 10A;16.49;7.67;0.909
"IPHONE 13 6.1"" 256GB 12MP + 12MP AZUL";S/ 4,999;S/ 4,899;APPLE;173 g;256GB;;;;12MP;Más de 10MP;12MP;;;"Entre 5.5 a 6.9 """;6.1;iOS;;Desbloqueado;;;5G;;;;Single Chip;;;;No;;;;;Sí;;Sí;;;;;;1 año;Celulares y smartphones;iPhone 13;0,76;7,15;14,67
"IPHONE 13 6.1"" 256GB 12MP + 12MP - AZUL MEDIANOCHE";S/ 4,999;S/ 4,899;APPLE;;256GB;;;;12MP;Más de 10MP;12MP;;;Entre 4.5 a 4.9'';6.1;iOS;;Desbloqueado;;;5G;;;;Single Chip;;;;No;;;;;Sí;;Sí;;;;;;1 año;Celulares y smartphones;iPhone 13;0,76;7,15;14,67
"IPHONE 13 PRO 6.1"" 256GB 12MP + 12MP - AZUL SIERRA";S/ 5,999;S/ 5,899;APPLE;203 g;256GB;;;;12MP;Más de 10MP;12MP;;;"Entre 5.5 a 6.9 """;6.1;iOS;;Desbloqueado;;;5G;;;;Single Chip;;;;No;;;;;Sí;;Sí;;;;;;1 año;Celulares y smartphones;iPhone 13 Pro;14.67;7.15;0.76
"IPHONE 13 PRO 6.1"" 128GB 12MP + 12MP ORO"; ; ;APPLE;203 g;128GB;;;;12MP;Más de 10MP;12MP;;;"Entre 5.5 a 6.9 """;6.1;iOS;;Desbloqueado;;;5G;;;;Single Chip;;;;No;;;;;Sí;;Sí;;;;;;1 año;Celulares y smartphones;iPhone 13 Pro;0,76;7,15;14,67
IPHONE 13 PRO MAX 6.7'' 128GB 12MP + 12MP + 12MP VERDE ALPINO;S/ 6,199;S/ 5,999;APPLE;238 g;128GB;;;Chip A15 Bionic;12MP;Más de 10MP;12MP + 12MP + 12MP;;;"Entre 5.5 a 6.9 """;;iOS;;Desbloqueado;;;5G;;;Super Retina XDR;;;;;Sí;;;;No;;Desbloqueado;Sí;;Sí;Sí;;;1 año;Celulares y smartphones;iPhone 13 Pro Max;16.08 cm;7.81 cm;0.76 cm
IPHONE 13 6.1'' 256GB 12MP + 12MP VERDE;S/ 4,999;S/ 4,899;APPLE;173 g;256GB;;;Chip A15 Bionic;12MP;Más de 10MP;12MP + 12MP;;;"Entre 5.5 a 6.9 """;;iOS;;Desbloqueado;;;5G;;;Super Retina XDR;;;;;Sí;;;;No;;Desbloqueado;Sí;;Sí;Sí;;;1 año;Celulares y smartphones;iPhone 13;14.67 cm;7.15 cm;0.76 cm
"CELULAR REALME C35 6"" 4GB 128GB 50MP + 2MP NEGRO";S/ 859;S/ 809;REALME;0.189;128GB;4GB;UNISOC OCTA CORE;UNISOC TIGER;8MP;Más de 10MP;50MP + 2MP;5000 mAh;;"Entre 5.5 a 6.9 """;"6""";Android > a 5.0;Android 11;Desbloqueado;1 ATM;C;4G;Sí;Sí;Cristal líquido;Single Chip;;Sí;Sí;Sí;Sí;Sí;Sí;No;Sí;Desbloqueado;Sí;Sí;HD;ACC y más;Hasta 2.2 GHZ;;1 año;Celulares y Smartphones;C35;16.44;7.56;0.81
"CELULAR REALME C35 6"" 4GB 128GB 50MP + 2MP VERDE";S/ 859;S/ 809;REALME;0.189;128GB;4GB;UNISOC OCTA CORE;UNISOC TIGER;8MP;Más de 10MP;50MP + 2MP;5000 mAh;;"Entre 5.5 a 6.9 """;"6""";Android > a 5.0;Android 11;Desbloqueado;1 ATM;C;4G;Sí;Sí;Cristal líquido;Single Chip;;Sí;Sí;Sí;Sí;Sí;Sí;No;Sí;Desbloqueado;Sí;Sí;HD;ACC y más;Hasta 2.2 GHZ;;1 año;Celulares y Smartphones;C35;16.44;7.56;0.81
CELULAR REALME C11 6.5'' 8MP GRIS;S/ 519;S/ 499;REALME;191;32GB;2GB;;Spreadtrum SC9863A;5MP;;8MP;;;Entre 4.5 a 4.9'';6.5;Android > a 5.0;;Desbloqueado;;;4G LTE;;;LCD;Doble Chip;;;;Sí;;;;;Sí;Desbloqueado;No;No;MP4;AAC, AMR, AWB, MIDI, MP3;Octa Core 4 x 1.6 + 4 x 1.2 Ghz;5000 mAh;1 año;Celulares y smartphones;Realme C11;16.52;0.89;7.64
CELULAR XIAOMI REDMI 9C 6.53'' 3GB 64GB 13MP + 5MP + 2MP GRIS;S/ 639;S/ 599;XIAOMI;196;64GB;3GB;;;5MP;Más de 10MP;13MP + 5MP + 2MP;5000 mAh;;"Entre 5.5 a 6.9 """;6.53;Android > a 5.0;;Desbloqueado;No;;4G;;Sí;LCD;;;No;;No;Sí;Sí;No;No;Sí;Desbloqueado;Sí;No;Sí;Sí;2.3 GHz;5000 mAh;1 año;Celulares y smartphones;Redmi 9C;7.7;0.9;16.49
CELULAR XIAOMI REDMI NOTE 11 PRO 6GB 128GB STAR BLUE; ; ;XIAOMI;202;128GB;6GB;;Mediatek Helio G96;16MP;Más de 10MP;108MP + 8MP + 2MP + 2MP;;;"Entre 5.5 a 6.9 """;6.67;Android 11;;Desbloqueado;;;4G;;;Full HD;Doble Chip;;;;;;;;;Sí;Desbloqueado;;Sí;;;Octacore 2.05 Ghz;5000mAH;1 año;Celulares y smartphones;REDMI NOTE 11 PRO;0.81;7.61;16.42
CELULAR XIAOMI REDMI 9C 64GB DOBLE CHIP 13MP+5MP+2MP SUNRISE ORANGE; ; ;XIAOMI;196;64GB;3GB;;MediaTek Helio G35;5MP;Más de 10 MP;13MP + 5MP + 2MP;;;Entre 4.5 a 4.9'';6.53;Android > a 5.0;;Desbloqueado;;;4G;;;LCD;Doble Chip;;;;;;;;;Sí;Desbloqueado;;Sí;;;Octacore 2.3 Ghz;5000mAH;1 año;Celulares y smartphones;Redmi 9C;0.9;7.7;16.49
CELULAR REALME C11 6.5'' 8MP AZUL;S/ 519;S/ 499;REALME;191;32GB;2GB;;Spreadtrum SC9863A;5MP;;8MP;;;Entre 4.5 a 4.9'';6.5;Android > a 5.0;;Desbloqueado;;;4G LTE;;;LCD;Doble Chip;;;;Sí;;;;;Sí;Desbloqueado;No;No;MP4;AAC, AMR, AWB, MIDI, MP3;Octa Core 4 x 1.6 + 4 x 1.2 Ghz;5000 mAh;1 año;Celulares y smartphones;Realme C11;16.52;7.64;0.89
CELULAR XIAOMI REDMI 9C 64GB DOBLE CHIP 13MP+5MP+2MP AURORA GREEN;S/ 629;S/ 599;XIAOMI;0.196;64GB;3GB;;;5MP;Más de 10MP;13MP + 2MP + 2MP;5000 mAh;;"Entre 5.5 a 6.9 """;6.53'';Android > a 5.0;Android 10;Desbloqueado;No;;4G / Wi-Fi / Bluetooth;;Sí;AMOLED;;;Sí;;No;No;Sí;Sí;No;Sí;Desbloqueado;No;No;1080p y 30 fps;;;5.000 mAh;1 año ;Celulares y smartphones;Redmi 9C;16.49;0.9;7.7
CELULAR XIAOMI 12 6.28'' 8GB 256GB 50MP + 13MP + 5MP MORADO;S/ 3,459;S/ 3,359;XIAOMI;180;256GB;8GB;;;32MP;Más de 10MP;50MP + 13MP + 5MP;4500 mAH;;"Entre 5.5 a 6.9 """;6.28;Android > a 5.0;;Desbloqueado;No;;5G;;Sí;AMOLED;;;Sí;;No;Sí;Sí;No;No;Sí;Desbloqueado;Sí;Sí;Sí;Sí;3.00 GHz;4500 mAh;1 año;Celulares y smartphones;Xiaomi 12;6.99;0.81;15.27
"CELULAR REALME 9I RMX3491 6.6"" 6GB 128GB 16MP 2MP NEGRO PRISMA";S/ 1,159;S/ 1,043;REALME;190;128 GB;6GB;;;16 MP;Hasta 3MP;2MP;5000 mAh;;"Entre 7 a 8""";"6.6""";Android > a 5.0;;Desbloqueado;No;;4G LTE;;Sí;Full HD;;;Sí;;No;Sí;Sí;Sí;No;Sí;Desbloqueado;Sí;Sí;Full HD;MP3, MP4;Ocho núcleos, 6 nm, hasta 2,4 GHz;5000 mAh;1 año;Celulares y smartphones;9i;16.44;7.57;0.84
"IPHONE 13 PRO 6.1"" 256GB 12MP + 12MP PLATA";S/ 5,999;S/ 5,899;APPLE;203 g;256GB;;;;12MP;Más de 10MP;12MP;;;"Entre 5.5 a 6.9 """;6.1;iOS;;Desbloqueado;;;5G;;;;Single Chip;;;;No;;;;;Sí;;Sí;;;;;;1 año;Celulares y smartphones;iPhone 13 Pro;0,76;7,15;14,67
"CELULAR HONOR 50 5G 6.57"" 256GB 8GB 108MP + 8MP + 2MP + 2MP";S/ 2,999;S/ 2,799;HONOR;175;256GB;8GB;;Qualcomm Snapdragon 778G;32MP;Más de 10MP;108MP + 8MP + 2MP + 2MP;;;Entre 4.5 a 4.9'';6.57;Android > a 5.0;;Desbloqueado;No;;5G;;;;Doble Chip;;Sí;;Sí;Sí;Sí;;No;Sí;;Sí;No;3gp, mp4;mp3, mp4, 3gp, ogg, amr, aac, flac, wav, midi;4 x Cortex-A78 2.4GHz + 4 x Cortex-A55 1.8GHz;4300mAh;2 Años;Celulares y smartphones;Honor 50;0.778;7.376;15.996
"CELULAR REALME 9I RMX3491 6.6"" 6GB 128GB 16MP 2MP AZUL PRISMA";S/ 1,159;S/ 1,043;REALME;;128 GB;6GB;;;16 MP;Hasta 3MP;2MP;5000 mAh;;"Entre 7 a 8""";;Android > a 5.0;;Desbloqueado;No;;4G LTE;;Sí;Full HD;;;Sí;;No;Sí;Sí;Sí;No;Sí;Desbloqueado;Sí;Sí;Full HD;MP3, MP4;Ocho núcleos, 6 nm, hasta 2,4 GHz;5000 mAh;1 año;Celulares y smartphones;9i;16.44;7.57;0.84
CELULAR SAMSUNG GALAXY A22 5G 6.6'' 4GB 128GB 48MP + 5MP + 2MP GRIS; ; ;SAMSUNG;203;128GB;4GB;;Octacore | MT6833V;8MP;Más de 10MP;48MP + 5MP + 2MP;;;Entre 4.5 a 4.9'';6.6;Android > a 5.0;;Desbloqueado;;;5G;;;TFT;Single Chip;;;;Sí;;;;;Sí;Desbloqueado;Sí;Sí;Sí;Sí;2.2GHz, 2.0GHz;5000 mAh;1 año;Celulares y smartphones;A22-5G;16.72;7.64;0.9
CELULAR REALME 21Y 6.5'' 4GB RAM 64GB 13MP + 2MP + 2MP AZUL;S/ 699;S/ 669;REALME;189 g;64GB;4GB;;UNISOC T610;5MP;Más de 10MP;13MP + 2MP + 2MP;;;Entre 4.5 a 4.9'';6.5;Android > a 5.0;;Desbloqueado;;;4G LTE;;;LCD IPS;Doble Chip;;;;Sí;;;;;Sí;Desbloqueado;No;No;MP4;AAC, AMR, AWB, MIDI, MP3;Octa-Core 1.8 GHz;5000 mAh;1 año;Celulares y smartphones;Realme 21Y;16.52;7.64;0.89
CELULAR XIAOMI REDMI NOTE 11 PRO 6GB 128GB GRAPHITE GRAY; ; ;XIAOMI;202;128GB;6GB;;Mediatek Helio G96;16MP;Más de 10MP;108MP + 8MP + 2MP + 2MP;;;"Entre 5.5 a 6.9 """;6.67;Android 11;;Desbloqueado;;;4G;;;Full HD;Doble Chip;;;;;;;;;Sí;Desbloqueado;;Sí;;;Octacore 2.05 Ghz;5000mAH;1 año;Celulares y smartphones;REDMI NOTE 11 PRO;0.81;7.61;16.42
"APPLE IPHONE 13 MINI PINK - 128 GB 5.4"" 12MP + 12MP + 12MP + 12MP"; ; ;APPLE;0.14;128 GB;;;;12MP;Más de 10MP;12MP + 12MP + 12MP;;;Entre 5 a 5.4'';;iOS;;Desbloqueado;IPX7;;;;Sí;OLED;;;No;;No;Sí;Sí;Sí;No;Sí;Desbloqueado;Sí;No;Sí;Sí;;;1 año;Celulares y smartphones;13 mini;13.15;0.765;6.42
"CELULAR HUAWEI NOVA Y90 6.67"" 6GB 128GB 50MP + 2MP + 2MP MIDNIGHT BLACK";S/ 1,099;S/ 989;HUAWEI;0.43;128GB;6GB;Qualcomm Snapdragon;Qualcomm Snapdragon™ 680;8MP;Más de 10MP;50MP + 2MP + 2MP;5000 mAh;;"Entre 5.5 a 6.9 """;"6.67""";EMUI > a 10;Android 12;Desbloqueado;No;USB-C;Wi-Fi / Bluetooth / WLAN;Sí;Sí;LCD;Single Chip;;No;;Sí;No;;;;Sí;;Sí;No;;Histen, *.mp3,*.mid,*.amr,*.awb,*.3gp,*.mp4,*.m4a,*.aac,*.wav,*.ogg,*.flac,*.mkv;-;5000 mAh;1 Año;Celulares y Smartphones;Cartier-L23D;18.8;9.3;5.9
"CELULAR REALME 9 6.4"" 8GB 108MP BLANCO";S/ 1,299;S/ 1,169;REALME;0.178;128GB;8GB;SNAPDRAGON;Snapdragon;16MP;Más de 10MP;108MP;5000 mAh;;"Entre 5.5 a 6.9 """;"6.4""";Android > a 5.0;Android 12;Desbloqueado;No;USB-C;4G LTE;Sí;Sí;Súper AMOLED;Doble Chip;;Sí;;Sí;Sí;Sí;Sí;;Sí;;Sí;Sí;30FPS;MP3. AAC;2.4GHZ;;1 año;Celulares y Smartphones;REALME 9;16.02;7.33;0.79
IPHONE SE 64GB ROJO;S/ 2,499;S/ 2,299;APPLE;0.285;64GB;No aplica;A15 Bionic;Apple Chip A15 Bionic;7Mpx;Más de 10MP;12MPx;No aplica;;Entre 4.5 a 4.9'';"4.7""";iOS;iOS 15;Desbloqueado;;Lightning;;Sí;Sí;;Single Chip;;Sí;;No;;;;;Sí;;Sí;No;No aplica;No aplica;No aplica;;1 año;Celulares y Smartphones;iPhone SE;2.61;8.59;15.7
"CELULAR REALME 9 6.4"" 8GB 108MP NEGRO";S/ 1,299;S/ 1,169;REALME;0.178;128GB;8GB;SNAPDRAGON;Snapdragon;16MP;Más de 10MP;108MP;5000 mAh;;"Entre 5.5 a 6.9 """;"6.4""";Android > a 5.0;Android 12;Desbloqueado;No;USB-C;4G LTE;Sí;Sí;Súper AMOLED;Doble Chip;;Sí;;Sí;Sí;Sí;Sí;;Sí;;Sí;Sí;30FPS;MP3. AAC;2.4GHZ;;1 año;Celulares y Smartphones;REALME 9;16.02;7.33;0.79
IPHONE SE 64GB BLANCO ESTELAR;S/ 2,499;S/ 2,299;APPLE;0.285;64GB;No aplica;A15 Bionic;Apple Chip A15 Bionic;7Mpx;Más de 10MP;12MPx;No aplica;;Entre 4.5 a 4.9'';"4.7""";iOS;iOS 15;Desbloqueado;;Lightning;;Sí;Sí;;Single Chip;;Sí;;No;;;;;Sí;;Sí;No;No aplica;No aplica;No aplica;;1 año;Celulares y Smartphones;iPhone SE;2.61;8.59;15.7
"CELULAR HUAWEI NOVA Y90 6.67"" 6GB 128GB 50MP + 2MP + 2MP PEARL WHITE";S/ 1,099;S/ 989;HUAWEI;0.43;128GB;6GB;Qualcomm Snapdragon;Qualcomm Snapdragon™ 680;8MP;Más de 10MP;50MP + 2MP + 2MP;5000 mAh;;"Entre 5.5 a 6.9 """;"6.67""";EMUI > a 10;Android 12;Desbloqueado;No;USB-C;Wi-Fi / Bluetooth / WLAN;Sí;Sí;LCD;Single Chip;;No;;Sí;No;;;;Sí;;Sí;No;;Histen, *.mp3,*.mid,*.amr,*.awb,*.3gp,*.mp4,*.m4a,*.aac,*.wav,*.ogg,*.flac,*.mkv;-;5000 mAh;1 Año;Celulares y Smartphones;Cartier-L23D;18.8;9.3;5.9
"SMARTPHONE HUAWEI NOVA 9 SE 6.78"" 108MP+8MP+2MP+2MP"; ; ;HUAWEI;0.191;128GB;6GB;Qualcomm Snapdragon;Qualcomm Snapdragon 680 6nm;16MP;Más de 10MP;108MP+8MP+2MP+2MP;4000 mAh;;"Entre 5.5 a 6.9 """;6.78;EMUI > a 10;Emui 12;Desbloqueado;No;USB-C;;Sí;Sí;TFT IPS LCD;Single Chip;;No;;Sí;;;;;Sí;;Sí;No;;No;No;;1 año;Celulares y Smartphones;JuliaQN-L23A;16.464;7.555;7.94
"CELULAR HUAWEI NOVA Y90 6.67"" 6GB 128GB 50MP + 2MP + 2MP CRYSTAL BLUE";S/ 1,099;S/ 989;HUAWEI;0.43;128GB;6GB;Qualcomm Snapdragon;Qualcomm Snapdragon™ 680;8MP;Más de 10MP;50MP + 2MP + 2MP;5000 mAh;;"Entre 5.5 a 6.9 """;"6.67""";EMUI > a 10;Android 12;Desbloqueado;No;USB-C;Wi-Fi / Bluetooth / WLAN;Sí;Sí;LCD;Single Chip;;No;;Sí;No;;;;Sí;;Sí;No;;Histen, *.mp3,*.mid,*.amr,*.awb,*.3gp,*.mp4,*.m4a,*.aac,*.wav,*.ogg,*.flac,*.mkv;-;5000 mAh;1 Año;Celulares y Smartphones;Cartier-L23D;18.8;9.3;5.9
"SMARTPHONE HUAWEI NOVA 9 SE 6.78"" 108MP+8MP+2MP+2MP"; ; ;HUAWEI;0.191;128GB;6GB;Qualcomm Snapdragon;Qualcomm Snapdragon 680 6nm;16MP;Más de 10MP;108MP+8MP+2MP+2MP;4000 mAh;;"Entre 5.5 a 6.9 """;6.78;EMUI > a 10;Emui 12;Desbloqueado;No;USB-C;;Sí;Sí;TFT IPS LCD;Single Chip;;No;;Sí;;;;;Sí;;Sí;No;;No;No;;1 año;Celulares y Smartphones;JuliaQN-L23A;16.464;7.555;7.94
"CELULAR POCO M5S 6.43"" 6GB 128GB 64MP+8MP+2MP+2MP BLANCO";S/ 1,099;S/ 949;XIAOMI;0.178;128GB;6GB;Media Tek;Helio G95;13MP;Más de 10MP;64MP+8MP+2MP+2MP;5000mAh;;"Entre 5.5 a 6.9 """;"6.43""";Android > a 5.0;Android 12;Desbloqueado;No;USB-C;4G LTE / Wi-Fi / Bluetooth;Sí;Sí;AMOLED;Doble Chip;;Sí;Sí;No;Sí;Sí;Sí;No;Sí;Desbloqueado;Sí;No;MP4 I M4V I MKV I AVI I WMV I WEBM I 3GP I 3G2;MP3; 2,05 GHz;5000 mAh;1 año ;Celulares y Smartphones;Poco M5S;16.04;0.829;7.45
